Voter key,Name,Seat,Party,Polarization,Democratic agreement,Republican agreement
BELLOWS OF KENNEBEC,S. Bellows of Kennebec,S-14,Democratic,-0.5317322400005808,0.9436936936936936,0.3659090909090909
BLACK OF FRANKLIN,R. Black of Franklin,H-114/S-17,Republican,0.6207538287055282,0.2731893265565438,0.9564660691421256
BLACK OF WILTON,R. Black of Franklin,H-114/S-17,Republican,0.6207538287055282,0.2731893265565438,0.9564660691421256
BREEN OF CUMBERLAND,C. Breen of Cumberland,S-25,Democratic,-0.6041381506436826,0.9706703910614524,0.3145275035260931
CARPENTER OF AROOSTOOK,M. Carpenter of Aroostook,S-2,Democratic,-0.5117574702474993,0.9631449631449632,0.4059405940594059
CARSON OF CUMBERLAND,B. Carson of Cumberland,S-24,Democratic,-0.5574173796579934,0.9745370370370372,0.3621495327102804
CHENETTE OF YORK,J. Chenette of York,H-15/S-31,Democratic,-0.554119697150776,0.9509345794392524,0.3529411764705882
CHIPMAN OF CUMBERLAND,B. Chipman of Cumberland,H-119/H-40/S-27,Democratic,-0.6084806889012749,0.9387755102040816,0.2843406593406593
CLAXTON OF ANDROSCOGGIN,N. Claxton of Androscoggin,S-20,Democratic,-0.676352361253918,0.9673202614379084,0.2356828193832599
CYRWAY OF KENNEBEC,S. Cyrway of Kennebec,S-16,Republican,0.569787081500948,0.3168724279835391,0.9391424619640388
DAVIS OF PISCATAQUIS,P. Davis of Piscataquis,S-4,Republican,0.5571907335301349,0.3397260273972602,0.946058091286307
DIAMOND OF CUMBERLAND,B. Diamond of Cumberland,S-12/S-26,Democratic,-0.4863768780035271,0.9156293222683264,0.401673640167364
DILL OF PENOBSCOT,J. Dill of Penobscot,S-5,Democratic,-0.5334722840775225,0.9425444596443228,0.3674033149171271
DOW OF LINCOLN,D. Dow of Lincoln,H-50/S-13,Republican,0.444808125648598,0.425629290617849,0.928406466512702
FARRIN OF SOMERSET,B. Farrin of Somerset,S-3,Republican,0.6597480195175854,0.2375838926174496,0.9648648648648648
FARRIN OF NORRIDGEWOCK,B. Farrin of Somerset,S-3,Republican,0.6597480195175854,0.2375838926174496,0.9648648648648648
FOLEY OF YORK,R. Foley of York,H-7,Republican,0.560441830079909,0.301010101010101,0.9247967479674796
FOLEY OF WELLS,R. Foley of York,H-7,Republican,0.560441830079909,0.301010101010101,0.9247967479674796
GRATWICK OF PENOBSCOT,G. Gratwick of Penobscot,S-9,Democratic,-0.5256003555480157,0.9707865168539326,0.3922902494331066
GUERIN OF PENOBSCOT,S. Guerin of Penobscot,H-102/S-10,Republican,0.6457112955588469,0.242063492063492,0.9493333333333334
GUERIN OF GLENBURN,S. Guerin of Penobscot,H-102/S-10,Republican,0.6457112955588469,0.242063492063492,0.9493333333333334
HAMPER OF OXFORD,J. Hamper of Oxford,S-19,Republican,0.5332227899727119,0.3310810810810811,0.9272727272727272
HERBIG OF WALDO,E. Herbig of Waldo,H-97/S-11,Democratic,-0.6159157190409377,0.954183266932271,0.2905811623246493
HERBIG OF BELFAST,E. Herbig of Waldo,H-97/S-11,Democratic,-0.6159157190409377,0.954183266932271,0.2905811623246493
JACKSON OF AROOSTOOK,T. Jackson of Aroostook,S-1,Democratic,-0.5756970097541217,0.96831955922865,0.3407510431154381
LAWRENCE OF YORK,M. Lawrence of York,S-35,Democratic,-0.6823329668398938,0.9685264663805436,0.2348703170028818
LAWRENCE OF ELIOT,M. Lawrence of York,S-35,Democratic,-0.6823329668398938,0.9685264663805436,0.2348703170028818
LUCHINI OF HANCOCK,L. Luchini of Hancock,H-132/S-7,Democratic,-0.6579504545097183,0.9608391608391608,0.2559774964838256
LUCHINI OF ELLSWORTH,L. Luchini of Hancock,H-132/S-7,Democratic,-0.6579504545097183,0.9608391608391608,0.2559774964838256
MILLETT OF CAPE ELIZABETH,R. Millett of Cape Elizabeth,H-30/S-29,Democratic,-0.643673703606837,0.9765739385065886,0.2798232695139911
MILLETT OF CUMBERLAND,R. Millett of Cape Elizabeth,H-30/S-29,Democratic,-0.643673703606837,0.9765739385065886,0.2798232695139911
MIRAMANT OF KNOX,D. Miramant of Knox,S-12,Democratic,-0.5456571420647601,0.918956043956044,0.3287101248266297
MOORE OF WASHINGTON,M. Moore of Washington,S-6,Republican,0.5722804383228965,0.3209606986899563,0.911699779249448
POULIOT OF AUGUSTA,M. Pouliot of Augusta,S-15,Republican,0.5143712239730458,0.33125,0.8879093198992444
POULIOT OF KENNEBEC,M. Pouliot of Augusta,S-15,Republican,0.5143712239730458,0.33125,0.8879093198992444
ROSEN OF HANCOCK,K. Rosen of Hancock,S-8,Republican,0.4786203089211341,0.3994374120956399,0.9133522727272728
SANBORN H OF CUMBERLAND,H. Sanborn of Cumberland,S-28,Democratic,-0.6628012735604343,0.9601542416452442,0.2487046632124352
SANBORN OF PORTLAND,H. Sanborn of Cumberland,S-28,Democratic,-0.6628012735604343,0.9601542416452442,0.2487046632124352
SANBORN OF CUMBERLAND,H. Sanborn of Cumberland,S-28,Democratic,-0.6628012735604343,0.9601542416452442,0.2487046632124352
SANBORN L OF CUMBERLAND,L. Sanborn of Cumberland,H-130,Democratic,-0.7123375754982509,0.9880239520958084,0.2
TIMBERLAKE OF ANDROSCOGGIN,J. Timberlake of Androscoggin,H-75/S-22,Republican,0.6675060426064058,0.2305699481865284,0.9647519582245432
TIMBERLAKE OF TURNER,J. Timberlake of Androscoggin,H-75/S-22,Republican,0.6675060426064058,0.2305699481865284,0.9647519582245432
VITELLI OF SAGADAHOC,E. Vitelli of Sagadahoc,S-19/S-23,Democratic,-0.5903453022771851,0.9743243243243244,0.330150068212824
WOODSOME OF YORK,D. Woodsome of York,S-33,Republican,0.4834331213586519,0.3954154727793696,0.911849710982659
DESCHAMBAULT OF YORK,S. Deschambault of York,S-32,Democratic,-0.5481003150423037,0.9394812680115274,0.3513119533527696
KEIM OF OXFORD,L. Keim of Oxford,S-18,Republican,0.5833056837436016,0.3048433048433048,0.9396551724137931
LIBBY OF ANDROSCOGGIN,N. Libby of Androscoggin,S-21,Democratic,-0.6110611490097649,0.9711399711399712,0.3037790697674418
ACKLEY OF MONMOUTH,K. Ackley of Monmouth,H-82,Independent,-0.5954452534272185,0.8950381679389313,0.2581261950286806
ALLEY OF BEALS,R. Alley of Beals,H-138,Democratic,-0.5614484865705698,0.9011857707509882,0.2994722955145119
ANDREWS OF PARIS,J. Andrews of Paris,H-73,Libertarian/<br>Republican,0.6839020351515922,0.1554959785522788,0.8981233243967829
ARATA OF NEW GLOUCESTER,A. Arata of New Gloucester,H-65,Republican,0.6565839577739344,0.1922077922077922,0.9246753246753248
AUSTIN OF SKOWHEGAN,B. Austin of Skowhegan,H-107,Democratic,-0.6332976665461447,0.9600760456273764,0.2704761904761905
AUSTIN OF GRAY,S. Austin of Gray,H-67,Republican,0.6787558875072706,0.1944444444444444,0.9582806573957016
BABBIDGE OF KENNEBUNK,C. Babbidge of Kennebunk,H-8,Democratic,-0.69340588991912,0.9573643410852714,0.2108667529107374
BABINE OF SCARBOROUGH,S. Babine of Scarborough,H-29,Democratic,-0.5748521619399436,0.9265536723163842,0.2768361581920904
BAILEY OF SACO,D. Bailey of Saco,H-14/S-31,Democratic,-0.6634323476490345,0.9540372670807452,0.2409488139825218
BAILEY OF YORK,D. Bailey of Saco,H-14/S-31,Democratic,-0.6634323476490345,0.9540372670807452,0.2409488139825218
BEEBECENTER OF ROCKLAND,P. Beebe-Center of Rockland,H-93,Democratic,-0.679111423419968,0.9591439688715954,0.2222222222222222
BERRY OF BOWDOINHAM,S. Berry of Bowdoinham,H-55/H-67,Democratic,-0.7113535213426619,0.970360824742268,0.1974193548387096
BICKFORD OF AUBURN,B. Bickford of Auburn,H-63,Republican,0.5078488354188442,0.3026134800550206,0.8636363636363636
BLIER OF BUXTON,M. Blier of Buxton,H-22,Republican,0.6883800229974333,0.1828978622327791,0.9548693586698336
BLUME OF YORK,L. Blume of York,H-3,Democratic,-0.7136922142833599,0.9676985195154778,0.192722371967655
BRADSTREET OF VASSALBORO,R. Bradstreet of Vassalboro,H-80,Republican,0.64597625821867,0.217983651226158,0.9440654843110504
BRENNAN OF PORTLAND,M. Brennan of Portland,H-36,Democratic,-0.7446139090589189,0.9713603818615753,0.1551312649164677
BRYANT OF WINDHAM,M. Bryant of Windham,H-24,Democratic,-0.7048458714307376,0.9681122448979592,0.2056194125159642
CAIAZZO OF SCARBOROUGH,C. Caiazzo of Scarborough,H-28,Democratic,-0.7102794568517179,0.9397590361445785,0.1831325301204819
CAMPBELL OF ORRINGTON,R. Campbell of Orrington,H-130,Republican,0.5287172071362528,0.2932489451476793,0.8858350951374208
CARDONE OF BANGOR,B. Cardone of Bangor,H-127,Democratic,-0.6912162328645896,0.9603580562659848,0.2138284250960307
CARNEY OF CAPE ELIZABETH,A. Carney of Cape Elizabeth,H-30/S-29,Democratic,-0.676967138532499,0.9596602972399152,0.2222222222222222
CARNEY OF CUMBERLAND,A. Carney of Cape Elizabeth,H-30/S-29,Democratic,-0.676967138532499,0.9596602972399152,0.2222222222222222
CEBRA OF NAPLES,R. Cebra of Naples,H-101/H-68,Republican,0.5743053216451407,0.2482269503546099,0.8863232682060391
CLOUTIER OF LEWISTON,K. Cloutier of Lewiston,H-60,Democratic,-0.6987628786259396,0.933806146572104,0.1843971631205673
COLLINGS OF PORTLAND,B. Collings of Portland,H-42,Democratic,-0.6997743776956343,0.9575289575289576,0.2036082474226804
COOPER OF YARMOUTH,J. Cooper of Yarmouth,H-47,Democratic,-0.6466266868717333,0.965451055662188,0.2596153846153846
COREY OF WINDHAM,P. Corey of Windham,H-25,Republican,0.3463441229050196,0.4069319640564827,0.7724935732647815
COSTAIN OF PLYMOUTH,D. Costain of Plymouth,H-100,Republican,0.7380873427966564,0.1506493506493506,0.9662337662337662
CRAVEN OF LEWISTON,M. Craven of Lewiston,H-59,Democratic,-0.7360356765882546,0.965197215777262,0.1670533642691415
CROCKETT OF PORTLAND,W. Crockett of Portland,H-43,Democratic,-0.7364218852755267,0.9549763033175356,0.1540284360189573
CUDDY OF WINTERPORT,S. Cuddy of Winterport,H-98,Democratic,-0.7064367517361035,0.9376623376623376,0.187012987012987
CURTIS OF MADISON,P. Curtis of Madison,H-111/H-86,Republican,0.6330765587955081,0.2312138728323699,0.9884393063583816
DENK OF KENNEBUNK,D. Denk of Kennebunk,H-9,Democratic,-0.6845248042811191,0.9757575757575756,0.1878787878787878
DILLINGHAM OF OXFORD,K. Dillingham of Oxford,H-72,Republican,0.6402754153300244,0.2215988779803646,0.922752808988764
DODGE OF BELFAST,J. Dodge of Belfast,H-97,Democratic,-0.7722808001137356,0.981981981981982,0.1328828828828828
DOORE OF AUGUSTA,D. Doore of Augusta,H-85,Democratic,-0.687996761619332,0.9699115044247788,0.226950354609929
DRINKWATER OF MILFORD,G. Drinkwater of Milford,H-121,Republican,0.7128920142900265,0.160377358490566,0.9504716981132076
DUNPHY OF OLD TOWN,M. Dunphy of Old Town,H-122,Democratic,-0.6894330692896996,0.9587096774193548,0.2196382428940568
EVANGELOS OF FRIENDSHIP,J. Evangelos of Friendship,H-49/H-91,Independent,-0.5988913697801224,0.8668341708542714,0.2135678391959799
FARNSWORTH OF PORTLAND,R. Farnsworth of Portland,H-37,Democratic,-0.6742463240690145,0.9693486590038314,0.236084452975048
FAULKINGHAM OF WINTER HARBOR,B. Faulkingham of Winter Harbor,H-136,Republican,0.6706285816142462,0.1918158567774936,0.928388746803069
FAY OF RAYMOND,J. Fay of Raymond,H-66,Democratic,-0.6033961917002707,0.9103260869565216,0.2680272108843537
FECTEAU OF AUGUSTA,R. Fecteau of Augusta,H-11,Democratic,-0.3113454169082919,0.7414104882459313,0.404524886877828
FECTEAU OF BIDDEFORD,R. Fecteau of Augusta,H-11,Democratic,-0.3113454169082919,0.7414104882459313,0.404524886877828
FOLEY OF BIDDEFORD,V. Foley of Biddeford,H-12,Democratic,-0.6099623327861159,0.9487179487179488,0.2564102564102564
FOSTER OF DEXTER,S. Foster of Dexter,H-104,Republican,0.7534485547927207,0.1241379310344827,0.9632183908045976
GATTINE OF WESTBROOK,D. Gattine of Westbrook,H-34,Democratic,-0.6645485650699698,0.9900398406374502,0.2554890219560878
GIDEON OF FREEPORT,S. Gideon of Freeport,H-48,Democratic,-0.6571317690136854,0.9816326530612244,0.2535787321063394
GRAMLICH OF OLD ORCHARD BEACH,L. Gramlich of Old Orchard Beach,H-13,Democratic,-0.7617824228594117,0.9626168224299064,0.1261682242990654
GRIFFIN OF LEVANT,A. Griffin of Levant,H-102,Republican,0.7561859843538717,0.1295843520782396,0.980440097799511
GROHOSKI OF ELLSWORTH,N. Grohoski of Ellsworth,H-132/S-7,Democratic,-0.7232541202344356,0.9369158878504672,0.1518691588785046
HAGGAN OF HAMPDEN,D. Haggan of Hampden,H-101,Republican,0.653407853213763,0.2138728323699422,0.9551374819102748
HALL OF WILTON,R. Hall of Wilton,H-114,Republican,0.6955557146070978,0.1873589164785553,0.948081264108352
HANDY OF LEWISTON,J. Handy of Lewiston,H-58,Democratic,-0.6670353122946384,0.9601518026565464,0.2281368821292775
HANINGTON OF LINCOLN,S. Hanington of Lincoln,H-142,Republican,0.5994230533299173,0.2338709677419354,0.9171717171717172
HANLEY OF PITTSTON,J. Hanley of Pittston,H-87,Republican,0.7036365894026311,0.1592797783933518,0.9431345353675452
HARNETT OF GARDINER,T. Harnett of Gardiner,H-83,Democratic,-0.752248702013981,0.9659863945578232,0.1496598639455782
HARRINGTON OF SANFORD,M. Harrington of Sanford,H-19,Republican,0.5446278284672754,0.276510067114094,0.8817204301075269
HEAD OF BETHEL,F. Head of Bethel,H-117,Republican,0.6587024331174248,0.2151162790697674,0.9548762736535662
HEPLER OF WOOLWICH,A. Hepler of Woolwich,H-53,Democratic,-0.652550212316801,0.9110576923076924,0.2115384615384615
HICKMAN OF WINTHROP,C. Hickman of Winthrop,S-14,Democratic,-0.6101174682894199,0.916256157635468,0.2673267326732673
HICKMAN OF KENNEBEC,C. Hickman of Winthrop,S-14,Democratic,-0.6101174682894199,0.916256157635468,0.2673267326732673
HIGGINS OF DOVERFOXCROFT,N. Higgins of Dover-Foxcroft,H-120,Independent,0.0079295343252582,0.5971074380165289,0.6190476190476191
HOBBS OF WELLS,D. Hobbs of Wells,H-7,Democratic,-0.6142207970587035,0.9222222222222224,0.25
HUBBELL OF BAR HARBOR,B. Hubbell of Bar Harbor,H-135,Democratic,-0.660928771839732,0.971264367816092,0.2514395393474088
HUTCHINS OF PENOBSCOT,S. Hutchins of Penobscot,H-131,Republican,0.7321057932833187,0.1362530413625304,0.927007299270073
HYMANSON OF YORK,P. Hymanson of York,H-4,Democratic,-0.6492486231751059,0.9329829172141918,0.2407894736842105
INGWERSEN OF ARUNDEL,H. Ingwersen of Arundel,H-10,Democratic,-0.5693502493865061,0.9352941176470588,0.2823529411764706
JAVNER OF CHESTER,K. Javner of Chester,H-141,Republican,0.7192809249326635,0.1534246575342465,0.9616438356164384
JOHANSEN OF MONTICELLO,C. Johansen of Monticello,H-145,Republican,0.6965917753735626,0.1331316187594553,0.8909090909090909
JORGENSEN OF PORTLAND,E. Jorgensen of Portland,H-41,Democratic,-0.6522098102008697,0.9662698412698412,0.2504970178926441
KESCHL OF BELGRADE,D. Keschl of Belgrade,H-76/H-83,Republican,0.5588727688313402,0.2808988764044944,0.904494382022472
KESSLER OF SOUTH PORTLAND,C. Kessler of South Portland,H-32,Democratic,-0.7380642933421862,0.9508196721311476,0.1498829039812646
KINNEY OF KNOX,M. Kinney of Knox,H-99,Republican,0.6522862752449768,0.214586255259467,0.9410112359550562
KORNFIELD OF BANGOR,V. Kornfield of Bangor,H-125,Democratic,-0.631030773657226,0.9636015325670498,0.2783109404990403
KRYZAK OF ACTON,T. Kryzak of Acton,H-20,Republican,0.6873355302638665,0.1780415430267062,0.9495548961424332
LANDRY OF FARMINGTON,H. Landry of Farmington,H-113,Democratic,-0.4095659639440108,0.777511961722488,0.3564593301435406
LOCKMAN OF BRADLEY,L. Lockman of Bradley,H-137,Republican,0.6455828172328396,0.1643286573146292,0.8775100401606426
LOCKMAN OF AMHERST,L. Lockman of Bradley,H-137,Republican,0.6455828172328396,0.1643286573146292,0.8775100401606426
LYFORD OF EDDINGTON,P. Lyford of Eddington,H-129,Republican,0.6593154644294045,0.1789617486338797,0.9001367989056087
MADIGAN OF WATERVILLE,C. Madigan of Waterville,H-110,Democratic,-0.6844103098713413,0.9619289340101524,0.2236340533672172
MAREAN OF HOLLIS,D. Marean of Hollis,H-16,Independent/<br>Republican,0.3312184331885976,0.4047109207708779,0.7896995708154506
MARTIN OF EAGLE LAKE,J. Martin of Eagle Lake,H-151,Democratic,-0.5965048612647559,0.9008894536213468,0.2735368956743002
MARTIN OF SINCLAIR,R. Martin of Sinclair,H-150,Democratic,-0.6297500539585701,0.9308005427408412,0.2635869565217391
MARTIN OF GREENE,T. Martin of Greene,H-57/S-25,Republican,0.6543855240349892,0.2017291066282421,0.930835734870317
MASON OF LISBON,R. Mason of Lisbon,H-56,Republican,0.6723576609585001,0.196870925684485,0.9490861618798956
MASTRACCIO OF SANFORD,A. Mastraccio of Sanford,H-18,Democratic,-0.6058059751552092,0.9377358490566038,0.2854442344045368
MATLACK OF ST GEORGE,A. Matlack of St. George,H-92,Democratic,-0.7500460469099375,0.9725400457665904,0.1533180778032036
MAXMIN OF NOBLEBORO,C. Maxmin of Nobleboro,H-88/S-13,Democratic,-0.5800562106172513,0.9096774193548388,0.2792207792207792
MAXMIN OF LINCOLN,C. Maxmin of Nobleboro,H-88/S-13,Democratic,-0.5800562106172513,0.9096774193548388,0.2792207792207792
MCCREA OF FORT FAIRFIELD,D. McCrea of Fort Fairfield,H-148,Democratic,-0.6653509264420533,0.9504447268106736,0.2353689567430025
MCCREIGHT OF HARPSWELL,J. McCreight of Harpswell,H-51,Democratic,-0.718973086705956,0.9847522236340532,0.1984732824427481
MCDONALD OF STONINGTON,G. McDonald of Stonington,H-134,Democratic,-0.690154753103075,0.934065934065934,0.1868131868131868
MELARAGNO OF AUBURN,G. Melaragno of Auburn,H-62,Democratic,-0.7170820202658315,0.9696586599241468,0.1911392405063291
MEYER OF ELIOT,M. Meyer of Eliot,H-2,Democratic,-0.7450601798095593,0.9659090909090908,0.1613636363636363
MOONEN OF PORTLAND,M. Moonen of Portland,H-38,Democratic,-0.6664952872416885,0.9829545454545454,0.2485768500948766
MORALES OF SOUTH PORTLAND,V. Morales of South Portland,H-33,Democratic,-0.7788629256121229,0.9863325740318908,0.1298405466970387
MORRIS OF TURNER,J. Morris of Turner,H-75,Republican,0.7194379248976729,0.164009111617312,0.9612756264236902
NADEAU OF WINSLOW,C. Nadeau of Winslow,H-78,Republican,-0.1298521062908872,0.6614785992217899,0.5168831168831168
OCONNOR OF BERWICK,B. O'Connor of Berwick,H-5,Republican,0.6787366491305769,0.1846361185983827,0.9392712550607288
ONEIL OF SACO,M. O'Neil of Saco,H-15,Democratic,-0.7098481042669043,0.9634941329856584,0.1984334203655352
ORDWAY OF STANDISH,L. Ordway of Standish,H-23,Republican,0.6518666353493752,0.2107329842931937,0.9423328964613368
PAULHUS OF BATH,S. Paulhus of Bath,H-52,Democratic,-0.7054977268331165,0.9644268774703556,0.1897233201581027
PEOPLES OF WESTBROOK,A. Peoples of Westbrook,H-125/H-35,Democratic,-0.5957396695170176,0.9389312977099236,0.2442748091603053
PERKINS OF OAKLAND,M. Perkins of Oakland,H-77,Republican,0.6756433440641803,0.1914323962516733,0.9477211796246648
PERRY OF CALAIS,A. Perry of Calais,H-140,Democratic,-0.6306793658947918,0.9272237196765498,0.2587601078167116
PERRY OF BANGOR,J. Perry of Bangor,H-124,Democratic,-0.6553114137109549,0.9073033707865168,0.2050561797752809
PICKETT OF DIXFIELD,R. Pickett of Dixfield,H-116,Republican,0.6598931090564636,0.2039106145251396,0.9356643356643356
PIERCE OF FALMOUTH,T. Pierce of Falmouth,H-44,Democratic,-0.6464537437881777,0.9413333333333334,0.2483311081441922
PLUECKER OF WARREN,W. Pluecker of Warren,H-95,Independent,-0.5325629146873104,0.8382687927107062,0.2642369020501139
PRESCOTT OF WATERBORO,D. Prescott of Waterboro,H-17,Republican,0.6441423187554476,0.1997063142437591,0.9161764705882351
RECKITT OF SOUTH PORTLAND,L. Reckitt of South Portland,H-31,Democratic,-0.6990313689660478,0.9523809523809524,0.1947019867549669
REED OF CARMEL,R. Reed of Carmel,H-103,Republican,0.6461424724432657,0.1917808219178082,0.9117647058823528
RILEY OF JAY,C. Riley of Jay,H-74,Democratic,-0.6326232446837079,0.963265306122449,0.2714285714285714
RISEMAN OF HARRISON,W. Riseman of Harrison,H-69,Independent,-0.5449922505060331,0.837378640776699,0.2524271844660194
ROBERTS OF SOUTH BERWICK,T. Roberts of South Berwick,H-6,Democratic,-0.755852667238372,0.9744245524296676,0.1432225063938619
RUDNICKI OF FAIRFIELD,S. Rudnicki of Fairfield,H-108,Republican,0.7665891732928861,0.107981220657277,0.955399061032864
RYKERSON OF KITTERY,D. Rykerson of Kittery,H-1,Democratic,-0.6636280701354991,0.9542743538767396,0.2345924453280318
SAMPSON OF ALFRED,H. Sampson of Alfred,H-21,Republican,0.66958348824156,0.1920529801324503,0.9442970822281168
SCHNECK OF BANGOR,J. Schneck of Bangor,H-126,Democratic,-0.6403837609209057,0.9606299212598424,0.2642998027613412
SHARPE OF DURHAM,B. Sharpe of Durham,H-46,Democratic,-0.7359271342870864,0.9747899159663864,0.1512605042016806
SHEATS OF AUBURN,B. Sheats of Auburn,H-64,Democratic,-0.634241595887036,0.956190476190476,0.2671755725190839
SKOLFIELD OF WELD,T. Skolfield of Weld,H-112,Republican,0.5429646949459849,0.28,0.8811748998664887
STANLEY OF MEDWAY,P. Stanley of Medway,H-143,Republican,-0.1089733048127659,0.6398416886543535,0.5284015852047557
STEARNS OF GUILFORD,P. Stearns of Guilford,H-119,Republican,0.4832461732158953,0.3253652058432935,0.8590425531914894
STEWART OF PRESQUE ISLE,T. Stewart of Presque Isle,H-147/S-2,Republican,0.6230480434654281,0.2627737226277372,0.9596577017114916
STEWART OF AROOSTOOK,T. Stewart of Presque Isle,H-147/S-2,Republican,0.6230480434654281,0.2627737226277372,0.9596577017114916
STROM OF PITTSFIELD,S. Strom of Pittsfield,H-106,Republican,0.6035311369410639,0.2352941176470588,0.9144486692015208
SWALLOW OF HOULTON,G. Swallow of Houlton,H-144,Republican,0.6256394625485796,0.2067039106145251,0.9217877094972068
SYLVESTER OF PORTLAND,M. Sylvester of Portland,H-39,Democratic,-0.7110944377627896,0.959212376933896,0.1915492957746478
TALBOT ROSS OF PORTLAND,R. Talbot Ross of Portland,H-40,Democratic,-0.7115982709575142,0.9638709677419356,0.1976744186046511
TEPLER OF TOPSHAM,D. Tepler of Topsham,H-54,Democratic,-0.7130638556705541,0.975609756097561,0.2005141388174807
TERRY OF GORHAM,M. Terry of Gorham,H-26,Democratic,-0.6853559297400493,0.9684625492772668,0.2289473684210526
THERIAULT OF CHINA,T. Theriault of China,H-79,Republican,0.6244207226312798,0.2311320754716981,0.937007874015748
TIPPING OF ORONO,R. Tipping of Orono,H-123,Democratic,-0.6742520903744981,0.972,0.2284569138276553
TUCKER OF BRUNSWICK,R. Tucker of Brunswick,H-50,Democratic,-0.6919789213410389,0.9698162729658792,0.2181340341655716
TUELL OF EAST MACHIAS,W. Tuell of East Machias,H-139,Republican,0.4044847457084843,0.3625954198473282,0.8012738853503185
WARREN OF HALLOWELL,C. Warren of Hallowell,H-84,Democratic,-0.7028988083274345,0.9612903225806452,0.2028423772609819
WHITE OF WATERVILLE,B. White of Waterville,H-109,Democratic,-0.6390913352014297,0.9090909090909092,0.2214452214452214
WHITE OF WASHBURN,D. White of Washburn,H-146,Republican,0.6793661751487016,0.1743725231175693,0.9312169312169312
WHITE OF MARS HILL,D. White of Washburn,H-146,Republican,0.6793661751487016,0.1743725231175693,0.9312169312169312
ZEIGLER OF MONTVILLE,S. Zeigler of Montville,H-96,Democratic,-0.7154208839995596,0.9677002583979328,0.1914618369987063
BROOKS OF LEWISTON,H. Brooks of Lewiston,H-61,Democratic,-0.7304868811331862,0.9797191887675508,0.190625
DEVEAU OF CARIBOU,J. DeVeau of Caribou,H-149,Republican,0.6106851592892932,0.1623931623931624,0.8461538461538461
DOLLOFF OF MILTON TOWNSHIP,J. Dolloff of Milton Township,H-115,Republican,0.7305952811449539,0.15,0.9611111111111112
DOLLOFF OF RUMFORD,J. Dolloff of Milton Township,H-115,Republican,0.7305952811449539,0.15,0.9611111111111112
DOUDERA OF CAMDEN,V. Doudera of Camden,H-94,Democratic,-0.7453082944636629,0.9743589743589745,0.1585081585081585
GRIGNON OF ATHENS,C. Grignon of Athens,H-118,Republican,0.6004167160578878,0.2606060606060606,0.9454545454545454
MCLEAN OF GORHAM,A. McLean of Gorham,H-27,Democratic,-0.6785321291228211,0.980440097799511,0.2401960784313725
MILLETT OF WATERFORD,H. Millett of Waterford,H-71,Republican,0.6556320937931231,0.2052505966587112,0.9307875894988068
PEBWORTH OF BLUE HILL,S. Pebworth of Blue Hill,H-133,Democratic,-0.7360736492313589,0.9474885844748858,0.1529680365296803
STETKIS OF CANAAN,J. Stetkis of Canaan,H-105,Republican,0.7197584922898249,0.1387054161162483,0.9312169312169312
STOVER OF BOOTHBAY,H. Stover of Boothbay,H-89,Democratic,-0.6980294376082782,0.945754716981132,0.1910377358490566
VEROW OF BREWER,A. Verow of Brewer,H-128/H-21,Democratic,-0.4551815730917632,0.839622641509434,0.3018867924528302
WADSWORTH OF HIRAM,N. Wadsworth of Hiram,H-70,Republican,0.6674568319303199,0.2015810276679842,0.9511873350923484
DAUGHTRY OF BRUNSWICK,M. Daughtry of Brunswick,H-49/S-24,Democratic,-0.6727587408934579,0.9706632653061223,0.2371794871794871
DAUGHTRY OF CUMBERLAND,M. Daughtry of Brunswick,H-49/S-24,Democratic,-0.6727587408934579,0.9706632653061223,0.2371794871794871
MORIARTY OF CUMBERLAND,S. Moriarty of Cumberland,H-108/H-45,Democratic,-0.6396520897190984,0.8985507246376812,0.2289855072463768
DECHANT OF BATH,J. DeChant of Bath,H-52,Democratic,-0.6418994086481704,0.968299711815562,0.2803468208092485
OCONNELL OF BREWER,K. O'Connell of Brewer,H-128,Democratic,-0.6703639122954822,0.898876404494382,0.2022471910112359
DEVIN OF NEWCASTLE,M. Devin of Newcastle,H-90,Democratic,-0.5758004189889163,0.9019607843137256,0.3004926108374384
DENNO OF CUMBERLAND,D. Denno of Cumberland,H-45,Democratic,-0.6240397706166563,0.9629629629629628,0.2971428571428571
BRAKEY OF ANDROSCOGGIN,E. Brakey of Androscoggin,S-20,Republican,0.3963708030803616,0.3726235741444867,0.7931034482758621
COLLINS OF YORK,R. Collins of York,S-34,Republican,0.3805169536465157,0.4871794871794871,0.9520295202952028
CUSHING OF PENOBSCOT,A. Cushing of Penobscot,H-39/S-10/S-33,Republican,0.4399103757347251,0.4,0.8951612903225806
DION OF CUMBERLAND,M. Dion of Cumberland,H-113/H-43/S-28,Democratic,-0.438794020655761,0.9753086419753086,0.4979253112033195
HILL OF YORK,D. Hill of York,S-35,Democratic,-0.269972731516849,0.863013698630137,0.6036866359447005
KATZ OF KENNEBEC,R. Katz of Kennebec,S-15,Republican,0.2163609999927134,0.5781818181818181,0.8168498168498168
LANGLEY OF HANCOCK,B. Langley of Hancock,S-7,Republican,0.3440683132227248,0.5019305019305019,0.9224806201550388
MAKER OF WASHINGTON,J. Maker of Washington,H-140/H-31/S-6,Republican,0.288755974106221,0.5632183908045977,0.9073359073359072
MASON OF ANDROSCOGGIN,G. Mason of Androscoggin,S-22,Republican,0.4268839291140517,0.4154411764705882,0.8888888888888888
SAVIELLO OF FRANKLIN,T. Saviello of Franklin,S-17,Republican,0.2059276832456363,0.6082089552238806,0.8383458646616542
THIBODEAU OF WALDO,M. Thibodeau of Waldo,S-11,Republican,0.4233413739465977,0.4384057971014493,0.9562043795620438
VOLK OF CUMBERLAND,A. Volk of Cumberland,S-30,Republican,0.3600371812410115,0.4980544747081712,0.9333333333333332
WHITTEMORE OF SOMERSET,R. Whittemore of Somerset,S-3,Republican,0.4081736962050398,0.4542124542124542,0.948339483394834
BATES OF WESTBROOK,D. Bates of Westbrook,H-35,Democratic,-0.6632021979274617,0.961783439490446,0.255591054313099
BATTLE OF SOUTH PORTLAND,K. Battle of South Portland,H-33,Independent,-0.3874066268683175,0.8316151202749141,0.4241379310344828
CASAS OF ROCKPORT,O. CasÃ¡s of Rockport,H-94,Independent,-0.363462876504474,0.7852941176470588,0.4070796460176991
CHACE OF DURHAM,P. Chace of Durham,H-46,Republican,0.5846963377251696,0.2848297213622291,0.9627329192546584
CHAPMAN OF BROOKSVILLE,R. Chapman of Brooksville,H-133,Independent,-0.5729782127168483,0.8825301204819277,0.2870090634441087
CRAIG OF BREWER,G. Craig of Brewer,H-128,Republican,0.6023953151288788,0.2528735632183908,0.9394812680115274
DUCHESNE OF HUDSON,R. Duchesne of Hudson,H-121,Democratic,-0.6311342621640486,0.9579288025889968,0.2857142857142857
ESPLING OF NEW GLOUCESTER,E. Espling of New Gloucester,H-65,Republican,0.61226031502158,0.2413793103448276,0.9279538904899136
FREDETTE OF NEWPORT,K. Fredette of Newport,H-100,Republican,0.5974830263931235,0.2672955974842767,0.9495268138801262
FREY OF BANGOR,A. Frey of Bangor,H-124,Democratic,-0.6388514410210099,0.9702970297029704,0.2847682119205298
FULLER OF LEWISTON,R. Fuller of Lewiston,H-59,Democratic,-0.6572056662103144,0.9701492537313432,0.2694610778443114
GILLWAY OF SEARSPORT,J. Gillway of Searsport,H-98,Republican,0.4912034444307044,0.3265306122448979,0.8918128654970761
GINZLER OF BRIDGTON,P. Ginzler of Bridgton,H-69,Republican,0.5574845630904715,0.2941176470588235,0.9292035398230089
GOLDEN OF LEWISTON,J. Golden of Lewiston,H-60,Democratic,-0.664600146435973,0.971875,0.2601880877742947
GRANT OF GARDINER,G. Grant of Gardiner,H-83,Democratic,-0.6164659449840344,0.9393063583815028,0.2840579710144927
GROHMAN OF BIDDEFORD,M. Grohman of Biddeford,H-12,Independent,-0.4865894866923658,0.86084142394822,0.3441558441558441
HAMANN OF SOUTH PORTLAND,S. Hamann of South Portland,H-32,Democratic,-0.6518393149921816,0.953846153846154,0.2592592592592592
HARLOW OF PORTLAND,D. Harlow of Portland,H-36,Independent,-0.5619291816731911,0.8706896551724138,0.2853025936599423
HARVELL OF FARMINGTON,L. Harvell of Farmington,H-113/H-89,Republican,0.6290362790885745,0.2392156862745098,0.9606299212598424
HAWKE OF BOOTHBAY HARBOR,S. Hawke of Boothbay Harbor,H-89,Republican,0.5957938405010517,0.2642642642642642,0.9548192771084336
HERRICK OF PARIS,L. Herrick of Paris,H-73,Republican,0.4255802102035442,0.375,0.8487084870848709
HILLIARD OF BELGRADE,G. Hilliard of Belgrade,H-76,Republican,0.5846068043239478,0.2772585669781931,0.94375
HOGAN OF OLD ORCHARD BEACH,G. Hogan of Old Orchard Beach,H-13,Democratic,-0.6114271264975177,0.9591836734693876,0.3040935672514619
KUMIEGA OF DEER ISLE,W. Kumiega of Deer Isle,H-134,Democratic,-0.6640279340624848,0.982808022922636,0.264367816091954
LONGSTAFF OF WATERVILLE,T. Longstaff of Waterville,H-109,Democratic,-0.6326059552213047,0.9656160458452722,0.2902298850574712
MADIGAN OF RUMFORD,J. Madigan of Rumford,H-115,Democratic,-0.6232266306814442,0.9653179190751444,0.2956521739130435
MALABY OF HANCOCK,R. Malaby of Hancock,H-136,Republican,0.5413995755004625,0.2959183673469387,0.9215017064846416
MCELWEE OF CARIBOU,C. McElwee of Caribou,H-149,Republican,0.5303353437965898,0.3020527859237537,0.9205882352941176
MONAGHAN OF CAPE ELIZABETH,K. Monaghan of Cape Elizabeth,H-30,Democratic,-0.6634679866243602,0.9826589595375722,0.263768115942029
PARKER OF SOUTH BERWICK,J. Parker of South Berwick,H-6,Democratic,-0.6373554796609211,0.9588235294117649,0.2743362831858407
PARRY OF ARUNDEL,W. Parry of Arundel,H-10/H-10,Republican,0.6660463742932257,0.211864406779661,0.9507640067911716
PICCHIOTTI OF FAIRFIELD,J. Picchiotti of Fairfield,H-108,Republican,0.5184074499198001,0.3157894736842105,0.9090909090909092
PIERCE OF DRESDEN,J. Pierce of Dresden,H-53,Republican,0.5919323088546057,0.2672955974842767,0.9526813880126184
SANDERSON OF CHELSEA,D. Sanderson of Chelsea,H-88,Republican,0.6402955624582808,0.1732026143790849,0.8852459016393442
SEAVEY OF KENNEBUNKPORT,H. Seavey of Kennebunkport,H-9,Republican,0.525233339275988,0.3097345132743362,0.9142011834319528
SHERMAN OF HODGDON,R. Sherman of Hodgdon,H-144,Republican,0.3689087801652245,0.3837209302325581,0.8132295719844358
SIMMONS OF WALDOBORO,A. Simmons of Waldoboro,H-91,Republican,0.6170518037460112,0.2457912457912457,0.9493243243243245
SIROCKI OF SCARBOROUGH,H. Sirocki of Scarborough,H-28,Republican,0.645733425980955,0.1617647058823529,0.8643067846607669
SPEAR OF SOUTH THOMASTON,J. Spear of South Thomaston,H-92,Democratic,-0.6322365370963308,0.942528735632184,0.270893371757925
SUTTON OF WARREN,P. Sutton of Warren,H-95,Republican,0.6423083531217323,0.1685714285714285,0.8710601719197708
VACHON OF SCARBOROUGH,K. Vachon of Scarborough,H-29,Republican,0.4163719084010355,0.38,0.8510028653295129
WALLACE OF DEXTER,R. Wallace of Dexter,H-104,Republican,0.5690797167391078,0.2590361445783132,0.9033232628398792
WARD OF DEDHAM,K. Ward of Dedham,H-131,Republican,0.4835175906437411,0.3333333333333333,0.8973384030418251
WINSOR OF NORWAY,T. Winsor of Norway,H-71,Republican,0.6445979318773817,0.1887417218543046,0.9003322259136213
WOOD OF GREENE,S. Wood of Greene,H-57,Republican,0.5353188767478639,0.2985074626865671,0.9161676646706588
GERRISH OF LEBANON,K. Gerrish of Lebanon,H-20,Republican,0.5900620277540026,0.2729970326409495,0.949404761904762
KINNEY OF LIMINGTON,J. Kinney of Limington,H-22,Republican,0.626910552143435,0.2238372093023256,0.9358600583090378
TURNER OF BURLINGTON,B. Turner of Burlington,H-141,Republican,0.6775351152058025,0.1238095238095238,0.856687898089172
ARFORD OF BRUNSWICK,P. Arford of Brunswick,H-49,Democratic,-0.7952777304437585,0.9696969696969696,0.1212121212121212
BAILEY OF GORHAM,K. Bailey of Gorham,H-27,Democratic,-0.7676851633812422,0.9298245614035088,0.1169590643274853
BELL OF YARMOUTH,A. Bell of Yarmouth,H-47,Democratic,-0.8362753011239574,0.981060606060606,0.0871212121212121
BERNARD OF CARIBOU,S. Bernard of Caribou,H-149,Republican,0.8026667695864469,0.1012658227848101,0.9746835443037974
CARLOW OF BUXTON,N. Carlow of Buxton,H-16,Republican,0.6212665163304837,0.22,0.876
CARMICHAEL OF GREENBUSH,M. Carmichael of Greenbush,H-137,Republican,0.7866909295048052,0.0967741935483871,0.9516129032258064
COLLAMORE OF PITTSFIELD,A. Collamore of Pittsfield,H-106,Republican,0.7455537522899005,0.1439688715953307,0.9416342412451362
CONNOR OF LEWISTON,J. Connor of Lewiston,H-58,Republican,0.7848588237089436,0.1062992125984252,0.9606299212598424
COPELAND OF SACO,L. Copeland of Saco,H-14,Democratic,-0.816394676874865,0.9758064516129032,0.1008064516129032
CRAFTS OF NEWCASTLE,L. Crafts of Newcastle,H-90,Democratic,-0.8100732201553613,0.9847328244274808,0.1145038167938931
DOWNES OF BUCKSPORT,K. Downes of Bucksport,H-130,Republican,0.7498225191409663,0.1439393939393939,0.946969696969697
DUCHARME OF MADISON,J. Ducharme of Madison,H-111,Republican,0.7900009331528998,0.1077586206896551,0.961206896551724
EVANS OF DOVERFOXCROFT,R. Evans of Dover-Foxcroft,H-120,Democratic,-0.7888575308903923,0.9619771863117872,0.1292775665399239
GEIGER OF ROCKLAND,V. Geiger of Rockland,H-93,Democratic,-0.8156608585093993,0.9704641350210972,0.0970464135021097
GERE OF KENNEBUNKPORT,T. Gere of Kennebunkport,H-9,Democratic,-0.8234713992220093,0.9884169884169884,0.1042471042471042
GIFFORD OF LINCOLN,J. Gifford of Lincoln,H-12/H-142,Republican,0.833944769076679,0.0519480519480519,0.9523809523809524
GREENWOOD OF WALES,R. Greenwood of Wales,H-82/H-82,Republican,0.8171467718363511,0.0836501901140684,0.9619771863117872
HASENFUS OF READFIELD,T. Hasenfus of Readfield,H-81,Democratic,-0.7421716235147152,0.9351145038167938,0.148854961832061
LEMELIN OF CHELSEA,M. Lemelin of Chelsea,H-88,Republican,0.81944982344467,0.0852713178294573,0.9767441860465116
LIBBY OF AUBURN,L. Libby of Auburn,H-64,Republican,0.797171397409407,0.0813953488372093,0.9418604651162792
LOOKNER OF PORTLAND,G. Lookner of Portland,H-37,Democratic,-0.8317954207664701,0.9763779527559056,0.0748031496062992
LYMAN OF LIVERMORE FALLS,S. Lyman of Livermore Falls,H-74,Republican,0.7759320482635261,0.1206225680933852,0.9649805447470816
MATHIESON OF KITTERY,K. Mathieson of Kittery,H-1,Democratic,-0.8146370016658461,0.9796747967479674,0.1138211382113821
NEWMAN OF BELGRADE,D. Newman of Belgrade,H-76,Republican,0.6882961678955184,0.1570881226053639,0.896551724137931
OSHER OF ORONO,L. Osher of Orono,H-123,Democratic,-0.8289687728890693,0.98046875,0.09375
POIRIER OF SKOWHEGAN,J. Poirier of Skowhegan,H-107,Republican,0.6914028978470601,0.1705426356589147,0.9108527131782944
QUINT OF HODGDON,T. Quint of Hodgdon,H-144,Republican,0.7746137160283312,0.1062992125984252,0.9291338582677166
RIELLY OF WESTBROOK,M. Rielly of Westbrook,H-34,Democratic,-0.828353484223527,0.9809885931558936,0.0950570342205323
ROCHE OF WELLS,T. Roche of Wells,H-7,Republican,0.6325449942710997,0.2183098591549295,0.8943661971830986
ROEDER OF BANGOR,A. Roeder of Bangor,H-125,Democratic,-0.8138355561329312,0.984375,0.109375
SACHS OF FREEPORT,M. Sachs of Freeport,H-48,Democratic,-0.8117327863095694,0.9809160305343512,0.1106870229007633
SALISBURY OF WESTBROOK,S. Salisbury of Westbrook,H-35,Democratic,-0.8244875980900221,0.9803149606299212,0.0944881889763779
SHEEHAN OF BIDDEFORD,E. Sheehan of Biddeford,H-12,Democratic,-0.8199368428645059,0.9885496183206108,0.1106870229007633
SUPICA OF BANGOR,L. Supica of Bangor,H-126,Democratic,-0.81521045464661,0.9705882352941176,0.1050420168067226
THORNE OF CARMEL,J. Thorne of Carmel,H-103,Republican,0.783927890013419,0.1187739463601532,0.9655172413793104
TUTTLE OF SANFORD,J. Tuttle of Sanford,H-143/H-18/S-3,Democratic,-0.7415628354275099,0.8993288590604027,0.1409395973154362
UNDERWOOD OF PRESQUE ISLE,J. Underwood of Presque Isle,H-147,Republican,0.8097786775885895,0.0756972111553784,0.9442231075697212
WARREN OF SCARBOROUGH,S. Warren of Scarborough,H-29,Democratic/<br>Independent,-0.6483451975455123,0.8779527559055118,0.1929133858267716
WILLIAMS OF BAR HARBOR,L. Williams of Bar Harbor,H-135,Democratic,-0.8031549566206234,0.9598393574297188,0.1044176706827309
WOOD OF PORTLAND,B. Wood of Portland,H-38,Democratic,-0.8150036539242158,0.9688715953307392,0.1011673151750972
ZAGER OF PORTLAND,S. Zager of Portland,H-41,Democratic,-0.8253632046664913,0.9809885931558936,0.0950570342205323
BALDACCI OF PENOBSCOT,J. Baldacci of Penobscot,S-9,Democratic,-0.6411831078822965,0.943661971830986,0.2553191489361702
BENNETT OF OXFORD,R. Bennett of Oxford,S-19,Republican,0.4793325138467455,0.3771626297577855,0.8566433566433567
CURRY OF WALDO,C. Curry of Waldo,S-11,Democratic,-0.6345456770248549,0.9577464788732394,0.2704626334519573
RAFFERTY OF YORK,J. Rafferty of York,S-34,Democratic,-0.6908803952969971,0.9722222222222222,0.2280701754385964
BOYLE OF GORHAM,J. Boyle of Gorham,H-27/S-6,Democratic,-0.6782729802232936,0.9583333333333334,0.2361111111111111
LAROCHELLE OF AUGUSTA,R. LaRochelle of Augusta,H-86,Democratic,-0.7468544030659923,1.0,0.1971830985915492
BRENNER OF CUMBERLAND,S. Brenner of Cumberland,S-30,Democratic,-0.6752046316184236,0.9823943661971832,0.2491103202846975
